a quarter of	四分之一...
a half of	一半...
collect	收集
collector	收集者
collection	收集品、收集物
collect sunshine	收集阳光
have a collection of...	有...的收藏
send	发送、送出、派遣
send up	发射
send into	送入
send out	发出、放出
send sb sth = send sth to sb	给某人送某物
send sb to do	派某人去做某事
send sb. to sp.	派某人去某地
rise	上升
rise up	升起
rise up to the leaf	升到树叶
mix	混合
mixture	混合物
mix A and B = mix A with B	把A和B混合在一起
a mixture of sth	…的混合物
produce	生产、产生、制造、引起
production	生产、产量
product	产品、生成物
breathe	呼吸
breath	呼吸，气息
breathe in	吸气
breathe out	呼气
get dark	变黑
in the dark	在黑暗里
take a rest = take a break	休息
the rest of …	剩余的...
nature	自然
natural	自然的
explore the amazing world of plants	探索神秘的植物世界
start to do	开始去做某事
start doing	开始做了某事
start ... with ...	以...开始
work in	在…工作
in each workshop	在每一个车间
through the stem	通过茎
be useful to sb./ for sth.	对…有用
the growth of the plant	植物的生长
mean to do	打算做某事
mean a lot	意味着很多
mean doing	意味着…
mean sth to sb	对某人来说意味着…
millions of plants	几百万棵植物
more than	不仅仅
be sure that	确信，确定…
at the top of	在…的顶端
come into	进入到…
do something for sb	对某人做某事
grow	成长
growth	成长
grow up	长大
a big part of	大部分
culture	文化
cultural	文化的
top three	前三
the world's top three food plants	世界前三的食物植物
people around the world	全世界的人
in different ways	以不同的方法
in East Asia	在东亚
about 900 years ago	大约900年以前
over 600 corn dishes	大约600种玉米餐食
use …as	使用…作为…
use sth to do	使用…做
use it to make toys	使用它做玩具
use … for	为了…使用…
pay attention to	注意、留意
a traditional Mexican food	一个传统的墨西哥食物
make ... from	用…制作（看不出原材料）
make ... with	用…制作
be made from	由…制作（看不出原材料）
be made of	由…制作（看得出原材料）
be good for your health	对你的健康有好处
the way of doing	做某事的方法
the way to do	做某事的方法
try to do	努力做某事
try one's best to do	尽某人最大努力做某事
try doing sth	试着做某事
give permission	允许、准许
health	健康
healthy	健康的
health problem	健康问题
keep healthy	保持健康
be popular with	在…中流行, 受...的欢迎
the key to the door	门的钥匙
the key part of	主要部分
a piece of news	一条信息
the secret of sth.	…的秘密
keep a secret	保持秘密
chat	聊天
chat on the phone	电话聊天
chat to / with sb	和某人聊天
chat about	聊某事
relax oneself	放松自己
connect	链接、联系
connection	链接、联系
connect A to B	把A 连到B上
connect A with B	把A和B连起来
connection between A and B	A和B之间的联系
not only… but also…	不但…而且…
as…as	和…一样（中间加原级）
as many teahouses as leaves in the cup of tea	茶馆和杯子里的茶叶一样多
used to do	过去常常做某事
get / be used to doing	习惯做某事
be used to do	被用来去做
share sth with sb	和某人分享…
share their news	分享他们的消息
study abroad	出国学习
prefer A to B	比起B更喜欢A
prefer doing A to doing B	比起做B更喜欢做A
prefer to do	更喜欢做某事
prefer to do A rather than do B	宁愿做…也不做
a cup of warm tea	一杯热茶
feel like	感觉像
It's no secret that…	众所周知
make tea for them	为他们泡茶
choose	选择
choice	选择
compare	比较
comparison	比较
compare A with B	把A和B相比较
compare A to B	把A比作B
be similar to sth	和…相似
search for sth	查找、搜寻
