a quarter of	四分之一...	images/u5-001.jpg
a half of	一半...	images/u5-002.jpg
collect	收集	images/u5-003.jpg
collector	收集者	images/u5-004.jpg
collection	收集品、收集物	images/u5-005.jpg
collect sunshine	收集阳光	images/u5-006.jpg
have a collection of...	有...的收藏	images/u5-007.jpg
send	发送、送出、派遣	images/u5-008.jpg
send up	发射	images/u5-009.jpg
send into	送入	images/u5-010.jpg
send out	发出、放出	images/u5-011.jpg
send sb sth = send sth to sb	给某人送某物	images/u5-012.jpg
send sb to do	派某人去做某事	images/u5-013.jpg
send sb. to sp.	派某人去某地	images/u5-014.jpg
rise	上升	images/u5-015.jpg
rise up	升起	images/u5-016.jpg
rise up to the leaf	升到树叶	images/u5-017.jpg
mix	混合	images/u5-018.jpg
mixture	混合物	images/u5-019.jpg
mix A and B = mix A with B	把A和B混合在一起	images/u5-020.jpg
a mixture of sth	…的混合物	images/u5-021.jpg
produce	生产、产生、制造、引起	images/u5-022.jpg
production	生产、产量	images/u5-023.jpg
product	产品、生成物	images/u5-024.jpg
breathe	呼吸	images/u5-025.jpg
breath	呼吸，气息	images/u5-026.jpg
breathe in	吸气	images/u5-027.jpg
breathe out	呼气	images/u5-028.jpg
get dark	变黑	images/u5-029.jpg
in the dark	在黑暗里	images/u5-030.jpg
take a rest = take a break	休息	images/u5-031.jpg
the rest of …	剩余的...	images/u5-032.jpg
nature	自然	images/u5-033.jpg
natural	自然的	images/u5-034.jpg
explore the amazing world of plants	探索神秘的植物世界	images/u5-035.jpg
start to do	开始去做某事	images/u5-036.jpg
start doing	开始做了某事	images/u5-037.jpg
start ... with ...	以...开始	images/u5-038.jpg
work in	在…工作	images/u5-039.jpg
in each workshop	在每一个车间	images/u5-040.jpg
through the stem	通过茎	images/u5-041.jpg
be useful to sb./ for sth.	对…有用	images/u5-042.jpg
the growth of the plant	植物的生长	images/u5-043.jpg
mean to do	打算做某事	images/u5-044.jpg
mean a lot	意味着很多	images/u5-045.jpg
mean doing	意味着…	images/u5-046.jpg
mean sth to sb	对某人来说意味着…	images/u5-047.jpg
millions of plants	几百万棵植物	images/u5-048.jpg
more than	不仅仅	images/u5-049.jpg
be sure that	确信，确定…	images/u5-050.jpg
at the top of	在…的顶端	images/u5-051.jpg
come into	进入到…	images/u5-052.jpg
do something for sb	对某人做某事	images/u5-053.jpg
grow	成长	images/u5-054.jpg
growth	成长	images/u5-055.jpg
grow up	长大	images/u5-056.jpg
a big part of	大部分	images/u5-057.jpg
culture	文化	images/u5-058.jpg
cultural	文化的	images/u5-059.jpg
top three	前三	images/u5-060.jpg
the world's top three food plants	世界前三的食物植物	images/u5-061.jpg
people around the world	全世界的人	images/u5-062.jpg
in different ways	以不同的方法	images/u5-063.jpg
in East Asia	在东亚	images/u5-064.jpg
about 900 years ago	大约900年以前	images/u5-065.jpg
over 600 corn dishes	大约600种玉米餐食	images/u5-066.jpg
use …as	使用…作为…	images/u5-067.jpg
use sth to do	使用…做	images/u5-068.jpg
use it to make toys	使用它做玩具	images/u5-069.jpg
use … for	为了…使用…	images/u5-070.jpg
pay attention to	注意、留意	images/u5-071.jpg
a traditional Mexican food	一个传统的墨西哥食物	images/u5-072.jpg
make ... from	用…制作（看不出原材料）	images/u5-073.jpg
make ... with	用…制作	images/u5-074.jpg
be made from	由…制作（看不出原材料）	images/u5-075.jpg
be made of	由…制作（看得出原材料）	images/u5-076.jpg
be good for your health	对你的健康有好处	images/u5-077.jpg
the way of doing	做某事的方法	images/u5-078.jpg
the way to do	做某事的方法	images/u5-079.jpg
try to do	努力做某事	images/u5-080.jpg
try one's best to do	尽某人最大努力做某事	images/u5-081.jpg
try doing sth	试着做某事	images/u5-082.jpg
give permission	允许、准许	images/u5-083.jpg
health	健康	images/u5-084.jpg
healthy	健康的	images/u5-085.jpg
health problem	健康问题	images/u5-086.jpg
keep healthy	保持健康	images/u5-087.jpg
be popular with	在…中流行, 受...的欢迎	images/u5-088.jpg
the key to the door	门的钥匙	images/u5-089.jpg
the key part of	主要部分	images/u5-090.jpg
a piece of news	一条信息	images/u5-091.jpg
the secret of sth.	…的秘密	images/u5-092.jpg
keep a secret	保持秘密	images/u5-093.jpg
chat	聊天	images/u5-094.jpg
chat on the phone	电话聊天	images/u5-095.jpg
chat to / with sb	和某人聊天	images/u5-096.jpg
chat about	聊某事	images/u5-097.jpg
relax oneself	放松自己	images/u5-098.jpg
connect	链接、联系	images/u5-099.jpg
connection	链接、联系	images/u5-100.jpg
connect A to B	把A 连到B上	images/u5-101.jpg
connect A with B	把A和B连起来	images/u5-102.jpg
connection between A and B	A和B之间的联系	images/u5-103.jpg
not only… but also…	不但…而且…	images/u5-104.jpg
as…as	和…一样（中间加原级）	images/u5-105.jpg
as many teahouses as leaves in the cup of tea	茶馆和杯子里的茶叶一样多	images/u5-106.jpg
used to do	过去常常做某事	images/u5-107.jpg
get / be used to doing	习惯做某事	images/u5-108.jpg
be used to do	被用来去做	images/u5-109.jpg
share sth with sb	和某人分享…	images/u5-110.jpg
share their news	分享他们的消息	images/u5-111.jpg
study abroad	出国学习	images/u5-112.jpg
prefer A to B	比起B更喜欢A	images/u5-113.jpg
prefer doing A to doing B	比起做B更喜欢做A	images/u5-114.jpg
prefer to do	更喜欢做某事	images/u5-115.jpg
prefer to do A rather than do B	宁愿做…也不做	images/u5-116.jpg
a cup of warm tea	一杯热茶	images/u5-117.jpg
feel like	感觉像	images/u5-118.jpg
It's no secret that…	众所周知	images/u5-119.jpg
make tea for them	为他们泡茶	images/u5-120.jpg
choose	选择	images/u5-121.jpg
choice	选择	images/u5-122.jpg
compare	比较	images/u5-123.jpg
comparison	比较	images/u5-124.jpg
compare A with B	把A和B相比较	images/u5-125.jpg
compare A to B	把A比作B	images/u5-126.jpg
be similar to sth	和…相似	images/u5-127.jpg
search for sth	查找、搜寻	images/u5-128.jpg
